tool_name,brand,category,subcategory,title,price_low,price_high,price_avg,sold_date,condition,shipping,bids,url,new_price_low,new_price_high,scraped_at
Stanley No. 45 Combination Plane,Stanley,Specialty Planes,Combination,"Stanley No. 45 Combination Plane w/ Set Cutter Box, Accessories & CaseOpens in a new window or tab",195.0,195.0,195.0,2026-02-09,Pre-Owned,Free returns,1 bid,https://www.ebay.com/itm/397564551644,,,2026-02-09T20:04:54.406865
Stanley No. 45 Combination Plane,Stanley,Specialty Planes,Combination,Vintage Stanley No. 45 Combination Plane With Cutter Blades - USAOpens in a new window or tab,195.0,195.0,195.0,2026-02-09,Pre-Owned,+$20.00 delivery,,https://www.ebay.com/itm/188019500367,,,2026-02-09T20:04:54.407256
Stanley No. 45 Combination Plane,Stanley,Specialty Planes,Combination,Stanley Rule & Level Co. No. 45 Combination PlaneOpens in a new window or tab,115.0,115.0,115.0,2026-02-09,Pre-Owned,+$25.00 delivery,,https://www.ebay.com/itm/335947270688,,,2026-02-09T20:04:54.407614
Stanley No. 45 Combination Plane,Stanley,Specialty Planes,Combination,VINTAGE STANLEY NO. 45 COMBINATION PLANE WORKINGOpens in a new window or tab,80.0,80.0,80.0,2026-02-09,Pre-Owned,+$20.15 delivery,,https://www.ebay.com/itm/277475381633,,,2026-02-09T20:04:54.407961
Stanley No. 45 Combination Plane,Stanley,Specialty Planes,Combination,Vintage Stanley No 45 Combination woodworking planeOpens in a new window or tab,54.44,54.44,54.44,2026-02-09,Pre-Owned,+$36.49 shipping estimate,1 bid,https://www.ebay.com/itm/157654841459,,,2026-02-09T20:04:54.408315
Stanley No. 45 Combination Plane,Stanley,Specialty Planes,Combination,New ListingAntique NICE STANLEY RULE & LEVEL CO. no. 45 COMBINATION PLANE w Box CuttersOpens in a new window or tab,145.0,145.0,145.0,2026-02-09,Pre-Owned,+$18.52 delivery,,https://www.ebay.com/itm/188042101580,,,2026-02-09T20:04:54.408659
Stanley No. 45 Combination Plane,Stanley,Specialty Planes,Combination,Antique Stanley No 45 Combination Plane Ornate with Rounds and BladesOpens in a new window or tab,199.99,199.99,199.99,2026-02-08,Pre-Owned,+$19.99 delivery,1 bid,https://www.ebay.com/itm/157653213095,,,2026-02-09T20:04:54.408998
Stanley No. 45 Combination Plane,Stanley,Specialty Planes,Combination,Antique Stanley 45 Combination Plane • Rosewwod • COMPLETE ALL ORIGINAL ☆ USAOpens in a new window or tab,94.0,94.0,94.0,2026-02-08,Pre-Owned,+$9.91 delivery,36 bids,https://www.ebay.com/itm/267564398916,,,2026-02-09T20:04:54.409339
Stanley No. 45 Combination Plane,Stanley,Specialty Planes,Combination,Stanley Rule & Level No 45 Combination Wood Plane with 18 CuttersOpens in a new window or tab,141.0,141.0,141.0,2026-02-08,Pre-Owned,+$15.60 delivery,15 bids,https://www.ebay.com/itm/389537760382,,,2026-02-09T20:04:54.409679
Stanley No. 45 Combination Plane,Stanley,Specialty Planes,Combination,Vintage Stanley No. 45 Combination PlaneOpens in a new window or tab,75.0,75.0,75.0,2026-02-08,Pre-Owned,+$10.00 delivery,,https://www.ebay.com/itm/358162675675,,,2026-02-09T20:04:54.410015
Stanley No. 45 Combination Plane,Stanley,Specialty Planes,Combination,Vintage Stanley No. 45 Combination Plane Cutters Lot of (16) w/Wood Box & LabelOpens in a new window or tab,149.95,149.95,149.95,2026-02-08,Pre-Owned,Free delivery,,https://www.ebay.com/itm/277705324089,,,2026-02-09T20:04:54.410351
Stanley No. 45 Combination Plane,Stanley,Specialty Planes,Combination,Stanley Rule & Level No 45 Combined Plow & Beading Plane w/ Cutters & Box Type BOpens in a new window or tab,249.99,249.99,249.99,2026-02-07,Pre-Owned,+$19.99 delivery,,https://www.ebay.com/itm/267567189584,,,2026-02-09T20:04:54.410685
Stanley No. 45 Combination Plane,Stanley,Specialty Planes,Combination,Old Stanley  Rule & Level     No. 45 Combination Wood Plane ToolOpens in a new window or tab,46.0,46.0,46.0,2026-02-07,Pre-Owned,+$15.00 delivery,4 bids,https://www.ebay.com/itm/147133172736,,,2026-02-09T20:04:54.411017
Stanley No. 45 Combination Plane,Stanley,Specialty Planes,Combination,Stanley No 45 Combination Plane With Side Fence Repainted Vintage WoodworkingOpens in a new window or tab,30.0,30.0,30.0,2026-02-07,Pre-Owned,+$14.65 delivery,10 bids,https://www.ebay.com/itm/206028928410,,,2026-02-09T20:04:54.411350
Stanley No. 45 Combination Plane,Stanley,Specialty Planes,Combination,stanley 45 combination plane cutters Set Of 17 Pieces Plane Parts BladesOpens in a new window or tab,88.0,88.0,88.0,2026-02-07,Pre-Owned,+$12.05 delivery,24 bids,https://www.ebay.com/itm/206020869892,,,2026-02-09T20:04:54.411685
Stanley No. 45 Combination Plane,Stanley,Specialty Planes,Combination,Stanley No. 45 / 55 Combination Plane  Cam Rest / Stop  Lot Of 2 PCsOpens in a new window or tab,52.0,52.0,52.0,2026-02-07,Pre-Owned,+$7.70 delivery,12 bids,https://www.ebay.com/itm/206031273738,,,2026-02-09T20:04:54.412019
Stanley No. 45 Combination Plane,Stanley,Specialty Planes,Combination,Vtg. Antique Stanley No. 45 Combination Plane Tools/PartsOpens in a new window or tab,49.95,49.95,49.95,2026-02-07,Pre-Owned,+$7.95 delivery,,https://www.ebay.com/itm/177841177763,,,2026-02-09T20:04:54.412351
Stanley No. 45 Combination Plane,Stanley,Specialty Planes,Combination,Vintage Stanley No. 45 Combination PlaneOpens in a new window or tab,281.0,281.0,281.0,2026-02-07,Pre-Owned,+$22.35 delivery,30 bids,https://www.ebay.com/itm/406656437155,,,2026-02-09T20:04:54.412684
Stanley No. 45 Combination Plane,Stanley,Specialty Planes,Combination,Antique Vintage Stanley No. 45 Combination Plane with 3/8 Inch BladeOpens in a new window or tab,69.51,69.51,69.51,2026-02-06,Pre-Owned,Free returns,,https://www.ebay.com/itm/306733924592,,,2026-02-09T20:04:54.413086
Stanley No. 45 Combination Plane,Stanley,Specialty Planes,Combination,Antique Stanley 45 combination plane with CuttersOpens in a new window or tab,175.0,175.0,175.0,2026-02-06,Pre-Owned,+$25.00 delivery,,https://www.ebay.com/itm/336409060529,,,2026-02-09T20:04:54.413420
Stanley No. 45 Combination Plane,Stanley,Specialty Planes,Combination,"Orig. STANLEY No. 45 / 55 Combination Plane No. 26 -  7/16"" Beading CutterOpens in a new window or tab",9.99,9.99,9.99,2026-02-06,Pre-Owned,+$7.95 delivery,,https://www.ebay.com/itm/166799824841,,,2026-02-09T20:04:54.413756
Stanley No. 45 Combination Plane,Stanley,Specialty Planes,Combination,Antique Stanley 45 combination plane with CuttersOpens in a new window or tab,110.0,110.0,110.0,2026-02-06,Pre-Owned,+$12.00 delivery,,https://www.ebay.com/itm/117022955873,,,2026-02-09T20:04:54.414093
Stanley No. 45 Combination Plane,Stanley,Specialty Planes,Combination,1920s Stanley No 45 Combination Plane - Boxed with 22 Cutters - Sweetheart LogoOpens in a new window or tab,374.3,374.3,374.3,2026-02-06,Pre-Owned,+$75.61 shipping estimate,,https://www.ebay.com/itm/358187323941,,,2026-02-09T20:04:54.414433
Stanley No. 45 Combination Plane,Stanley,Specialty Planes,Combination,Stanley No. 45 / 55 Combination Plane  Cam Rest / Stop    Antique Tool PartOpens in a new window or tab,20.0,20.0,20.0,2026-02-06,Pre-Owned,Free returns,1 bid,https://www.ebay.com/itm/168130392997,,,2026-02-09T20:04:54.414837
Stanley No. 45 Combination Plane,Stanley,Specialty Planes,Combination,NICE ORIGINAL STANLEY # 55 OR 45 COMBINATION PLANE LONG RODS TP67Opens in a new window or tab,24.99,24.99,24.99,2026-02-06,Pre-Owned,+$5.25 delivery,,https://www.ebay.com/itm/226866033933,,,2026-02-09T20:04:54.415169
Stanley No. 45 Combination Plane,Stanley,Specialty Planes,Combination,Stanley No 45 / No 55 - Long Rods - Combination Plane - USER GRADEOpens in a new window or tab,21.5,21.5,21.5,2026-02-06,Pre-Owned,Free delivery,,https://www.ebay.com/itm/257337766546,,,2026-02-09T20:04:54.415498
Stanley No. 45 Combination Plane,Stanley,Specialty Planes,Combination,stanley 45 combination planeOpens in a new window or tab,120.0,120.0,120.0,2026-02-05,Pre-Owned,+$10.00 delivery,,https://www.ebay.com/itm/406672238709,,,2026-02-09T20:04:54.415841
Stanley No. 45 Combination Plane,Stanley,Specialty Planes,Combination,STANLEY No 45 Sweetheart Combination Plane with Cutters & Steel BoxOpens in a new window or tab,350.0,350.0,350.0,2026-02-05,Pre-Owned,Free returns,,https://www.ebay.com/itm/157650858249,,,2026-02-09T20:04:54.416235
Stanley No. 45 Combination Plane,Stanley,Specialty Planes,Combination,Stanley No 45 Combination Woodworking Carpentry PlaneOpens in a new window or tab,49.99,49.99,49.99,2026-02-05,Pre-Owned,+$24.84 delivery,,https://www.ebay.com/itm/136955209981,,,2026-02-09T20:04:54.416567
Stanley No. 45 Combination Plane,Stanley,Specialty Planes,Combination,Stanley No 45 55 Combination Plane Depth Stop Gauge Woodworking ToolOpens in a new window or tab,17.99,17.99,17.99,2026-02-04,Pre-Owned,+$4.99 delivery,,https://www.ebay.com/itm/336412478431,,,2026-02-09T20:04:54.416900
Stanley No. 45 Combination Plane,Stanley,Specialty Planes,Combination,Lot of 5 Original Stanley No. 45 Combination Plane Main Stock Body Early FloralOpens in a new window or tab,150.0,150.0,150.0,2026-02-04,Pre-Owned,+$18.50 delivery,,https://www.ebay.com/itm/127040879591,,,2026-02-09T20:04:54.417233
Stanley No. 45 Combination Plane,Stanley,Specialty Planes,Combination,Stanley No. 45 Antique Vintage Combination Plane and Cutter SetOpens in a new window or tab,142.92,142.92,142.92,2026-02-04,Pre-Owned,+$87.21 shipping estimate,,https://www.ebay.com/itm/287083757252,,,2026-02-09T20:04:54.417572
Stanley No. 45 Combination Plane,Stanley,Specialty Planes,Combination,Stanley No. Trade 45 Mark Combination Wood Plane Tool ReadOpens in a new window or tab,89.99,89.99,89.99,2026-02-04,Pre-Owned,Free delivery,,https://www.ebay.com/itm/287082754102,,,2026-02-09T20:04:54.417901
Stanley No. 45 Combination Plane,Stanley,Specialty Planes,Combination,E VERY NICE FENCE FOR STANLEY 45 COMBINATION PLANEOpens in a new window or tab,24.99,24.99,24.99,2026-02-03,Pre-Owned,+$9.80 delivery,,https://www.ebay.com/itm/226871124123,,,2026-02-09T20:04:54.418230
Stanley No. 45 Combination Plane,Stanley,Specialty Planes,Combination,Stanley No. 45 Combination Plane w/ 7 Cutters & Slitter Rosewood HandlesOpens in a new window or tab,139.99,139.99,139.99,2026-02-03,Pre-Owned,+$15.85 delivery,,https://www.ebay.com/itm/358180894510,,,2026-02-09T20:04:54.418563
Stanley No. 45 Combination Plane,Stanley,Specialty Planes,Combination,Early STANLEY NO. 45 COMBINATION PLANE TYPE 1 WITH SLIDING SECTION & FENCEOpens in a new window or tab,85.0,85.0,85.0,2026-02-02,Pre-Owned,+$13.50 delivery,,https://www.ebay.com/itm/227196751574,,,2026-02-09T20:04:54.418893
Stanley No. 45 Combination Plane,Stanley,Specialty Planes,Combination,Stanley Rule And Level 45 Combination Hand Plane B Nickel PlatedOpens in a new window or tab,67.93,67.93,67.93,2026-02-02,Pre-Owned,+$14.03 delivery,,https://www.ebay.com/itm/157650985799,,,2026-02-09T20:04:54.419223
Stanley No. 45 Combination Plane,Stanley,Specialty Planes,Combination,Orig. STANLEY No. 45 / 55 Combination Plane - Beading Stop& Short RodsOpens in a new window or tab,32.0,32.0,32.0,2026-02-02,Pre-Owned,+$13.05 delivery,,https://www.ebay.com/itm/167717229539,,,2026-02-09T20:04:54.419631
Stanley No. 45 Combination Plane,Stanley,Specialty Planes,Combination,Vintage Stanley No. 45 Combination PlaneOpens in a new window or tab,140.0,140.0,140.0,2026-02-02,Pre-Owned,+$7.29 delivery,,https://www.ebay.com/itm/257334214873,,,2026-02-09T20:04:54.419981
Stanley No. 45 Combination Plane,Stanley,Specialty Planes,Combination,Vintage Stanley No. 45 B Combination PlaneOpens in a new window or tab,49.95,49.95,49.95,2026-02-02,Pre-Owned,+$19.50 delivery,,https://www.ebay.com/itm/406506054362,,,2026-02-09T20:04:54.420324
Stanley No. 45 Combination Plane,Stanley,Specialty Planes,Combination,Stanley Rule &  Level Co. No. A 45 Combination Plane - Instructions for UseOpens in a new window or tab,20.5,20.5,20.5,2026-02-02,Pre-Owned,Free delivery,5 bids,https://www.ebay.com/itm/236602156760,,,2026-02-09T20:04:54.420662
Stanley No. 45 Combination Plane,Stanley,Specialty Planes,Combination,Vtg. Antique Stanley No. 45 Combination Plane Blades. Lot Of 10Opens in a new window or tab,77.0,77.0,77.0,2026-02-01,Pre-Owned,+$12.95 delivery,23 bids,https://www.ebay.com/itm/287093859929,,,2026-02-09T20:04:54.421001
Stanley No. 45 Combination Plane,Stanley,Specialty Planes,Combination,Stanley No. 45 Combination Plane Fence lot of 2Opens in a new window or tab,38.5,38.5,38.5,2026-02-01,Pre-Owned,+$12.00 delivery,,https://www.ebay.com/itm/156617015443,,,2026-02-09T20:04:54.421336
Stanley No. 45 Combination Plane,Stanley,Specialty Planes,Combination,Stanley No. 45 Combination Plane For Restoration Or PartsOpens in a new window or tab,35.0,35.0,35.0,2026-02-01,Pre-Owned,+$10.33 delivery,,https://www.ebay.com/itm/297988123387,,,2026-02-09T20:04:54.421672
Stanley No. 45 Combination Plane,Stanley,Specialty Planes,Combination,Antique Stanley Sweetheart 45 Combination Plane - USAOpens in a new window or tab,73.0,73.0,73.0,2026-02-01,Pre-Owned,+$13.25 delivery,17 bids,https://www.ebay.com/itm/358150799923,,,2026-02-09T20:04:54.422007
Stanley No. 45 Combination Plane,Stanley,Specialty Planes,Combination,Box Only Antique/Vintage  STANLEY 45 Combination and Beading Plane BoxOpens in a new window or tab,40.0,40.0,40.0,2026-01-31,Pre-Owned,+$12.99 delivery,8 bids,https://www.ebay.com/itm/267550795426,,,2026-02-09T20:04:54.422341
Stanley No. 45 Combination Plane,Stanley,Specialty Planes,Combination,Early STANLEY NO. 45 COMBINATION PLANE TYPE 1 WITH SLIDING SECTION & FENCEOpens in a new window or tab,127.5,127.5,127.5,2026-01-31,Pre-Owned,+$14.99 delivery,17 bids,https://www.ebay.com/itm/267550826305,,,2026-02-09T20:04:54.422674
Stanley No. 45 Combination Plane,Stanley,Specialty Planes,Combination,Vintage Stanley No 45 Combination Plane With Side Fence And CutterOpens in a new window or tab,66.0,66.0,66.0,2026-01-31,Pre-Owned,+$15.15 delivery,21 bids,https://www.ebay.com/itm/206010361995,,,2026-02-09T20:04:54.423007
Stanley No. 45 Combination Plane,Stanley,Specialty Planes,Combination,Vintage Stanley No 45 Combination Plane With Side Fence And CutterOpens in a new window or tab,76.0,76.0,76.0,2026-01-31,Pre-Owned,+$15.15 delivery,32 bids,https://www.ebay.com/itm/206010278636,,,2026-02-09T20:04:54.423341
Stanley No. 45 Combination Plane,Stanley,Specialty Planes,Combination,vintage stanley no 45 combination planeOpens in a new window or tab,163.33,163.33,163.33,2026-01-31,Pre-Owned,+$49.01 shipping estimate,,https://www.ebay.com/itm/226761290300,,,2026-02-09T20:04:54.423681
Stanley No. 45 Combination Plane,Stanley,Specialty Planes,Combination,clean shape script logo STANLEY TOOLS 45 combination plane w irons/slitterOpens in a new window or tab,180.0,180.0,180.0,2026-01-31,Pre-Owned,+$8.50 delivery,,https://www.ebay.com/itm/317814178674,,,2026-02-09T20:04:54.424012
Stanley No. 45 Combination Plane,Stanley,Specialty Planes,Combination,Vintage Stanley No 55 Combination Plane Tools 45 Cutters Blades With Wood BoxesOpens in a new window or tab,525.0,525.0,525.0,2026-01-31,Pre-Owned,Free delivery,,https://www.ebay.com/itm/167525216109,,,2026-02-09T20:04:54.424343
Stanley No. 45 Combination Plane,Stanley,Specialty Planes,Combination,ANTIQUE STANLEY 45 COMBINATION PLANER.Opens in a new window or tab,50.0,50.0,50.0,2026-01-31,Pre-Owned,+$7.52 delivery,,https://www.ebay.com/itm/276839623793,,,2026-02-09T20:04:54.424680
Stanley No. 45 Combination Plane,Stanley,Specialty Planes,Combination,Antique Stanley No. 45 Combination Plane Cutter Holding AssemblyOpens in a new window or tab,17.0,17.0,17.0,2026-01-30,Pre-Owned,Free delivery,,https://www.ebay.com/itm/365833910658,,,2026-02-09T20:04:54.425017
Stanley No. 45 Combination Plane,Stanley,Specialty Planes,Combination,"Vintage Stanley Bailey No 45 Combination Multi Plane, No Cutters USA WoodworkingOpens in a new window or tab",85.0,85.0,85.0,2026-01-30,Pre-Owned,Free returns,,https://www.ebay.com/itm/226727312718,,,2026-02-09T20:04:54.425408
Stanley No. 45 Combination Plane,Stanley,Specialty Planes,Combination,Stanley 45 Combination Plane complete set with boxOpens in a new window or tab,275.0,275.0,275.0,2026-01-30,Pre-Owned,+$9.53 delivery,,https://www.ebay.com/itm/187999961474,,,2026-02-09T20:04:54.425744
Stanley No. 45 Combination Plane,Stanley,Specialty Planes,Combination,Vintage Stanley No. 45 Combination Plane Nice ConditionOpens in a new window or tab,99.99,99.99,99.99,2026-01-30,Pre-Owned,+$10.99 delivery,,https://www.ebay.com/itm/336329220410,,,2026-02-09T20:04:54.426075
Stanley No. 45 Combination Plane,Stanley,Specialty Planes,Combination,Stanley 45 Combination Plane Fence Frame & Thumb Screws Antique Vtg Trade Mark BOpens in a new window or tab,21.81,21.81,21.81,2026-01-30,Pre-Owned,+$17.54 delivery,,https://www.ebay.com/itm/357815231457,,,2026-02-09T20:04:54.426409
Stanley No. 45 Combination Plane,Stanley,Specialty Planes,Combination,Stanley 45 Combination Planes For Repair/ Parts Please See Pics For DescriptionOpens in a new window or tab,42.0,42.0,42.0,2026-01-29,Pre-Owned,+$16.78 delivery,,https://www.ebay.com/itm/297981892938,,,2026-02-09T20:04:54.426743
Stanley No. 45 Combination Plane,Stanley,Specialty Planes,Combination,✨Vintage Stanley No. 45 Combination Plane Type 7B (1901-1906) (INV Ø698)Opens in a new window or tab,119.5,119.5,119.5,2026-01-29,Pre-Owned,Free returns,,https://www.ebay.com/itm/185973088360,,,2026-02-09T20:04:54.427134
Stanley No. 45 Combination Plane,Stanley,Specialty Planes,Combination,Stanley No 45 / No 55 - Long Rods - Combination Plane - USER GRADEOpens in a new window or tab,21.5,21.5,21.5,2026-01-29,Pre-Owned,Free delivery,,https://www.ebay.com/itm/257317776137,,,2026-02-09T20:04:54.427472
Stanley No. 45 Combination Plane,Stanley,Specialty Planes,Combination,Stanley No. 45 Combination Plane Cutter Bolt - Wing Nut - Retention Clip - ScrewOpens in a new window or tab,14.0,14.0,14.0,2026-01-29,Pre-Owned,Free returns,,https://www.ebay.com/itm/406614194327,,,2026-02-09T20:04:54.427807
Stanley No. 45 Combination Plane,Stanley,Specialty Planes,Combination,Vintage Stanley Plane No.45 Combination Plane Wood Tool  for PartsOpens in a new window or tab,35.0,35.0,35.0,2026-01-29,Pre-Owned,+$7.19 delivery,,https://www.ebay.com/itm/406642501109,,,2026-02-09T20:04:54.428145
Stanley No. 45 Combination Plane,Stanley,Specialty Planes,Combination,"Stanley Rule&Level Co. No.45 Antique Combination Plane W Blades,Box&AccessoriesOpens in a new window or tab",259.99,259.99,259.99,2026-01-29,Pre-Owned,+$16.50 delivery,,https://www.ebay.com/itm/336376694874,,,2026-02-09T20:04:54.428479
Stanley No. 45 Combination Plane,Stanley,Specialty Planes,Combination,Vintage Stanley No 45 Combination Plane With Side Fence And CutterOpens in a new window or tab,35.0,35.0,35.0,2026-01-28,Pre-Owned,+$18.50 delivery,1 bid,https://www.ebay.com/itm/257328348145,,,2026-02-09T20:04:54.428817
Stanley No. 45 Combination Plane,Stanley,Specialty Planes,Combination,Antique Stanley No. 45 Combination Plane for partsOpens in a new window or tab,32.0,32.0,32.0,2026-01-28,Pre-Owned,+$18.50 delivery,,https://www.ebay.com/itm/187969018716,,,2026-02-09T20:04:54.429154
Stanley No. 45 Combination Plane,Stanley,Specialty Planes,Combination,Orig. STANLEY No. 45 / 55 Combination Plane - Beading StopOpens in a new window or tab,19.99,19.99,19.99,2026-01-28,Pre-Owned,+$7.95 delivery,,https://www.ebay.com/itm/167362139623,,,2026-02-09T20:04:54.429504
Stanley No. 45 Combination Plane,Stanley,Specialty Planes,Combination,"Stanley No. 45 Combination Plane w/ Slitter, Depth, 43 Cutters Boxes Made in USAOpens in a new window or tab",255.82,255.82,255.82,2026-01-28,Pre-Owned,+$32.50 delivery,,https://www.ebay.com/itm/358109747271,,,2026-02-09T20:04:54.429842
Stanley No. 45 Combination Plane,Stanley,Specialty Planes,Combination,Stanley No 45 Combination Plane Complete Comes With 14 CuttersOpens in a new window or tab,128.0,128.0,128.0,2026-01-27,Pre-Owned,+$25.12 delivery,,https://www.ebay.com/itm/297969483024,,,2026-02-09T20:04:54.430176
Stanley No. 45 Combination Plane,Stanley,Specialty Planes,Combination,Vintage Stanley No. 45 Combination PlaneOpens in a new window or tab,79.99,79.99,79.99,2026-01-27,Pre-Owned,Free returns,,https://www.ebay.com/itm/406640930922,,,2026-02-09T20:04:54.430575
Stanley No. 45 Combination Plane,Stanley,Specialty Planes,Combination,Stanley No. 45 / 55 Combination Plane No. 47 (1”) Bead Cutter / Part UpgradeOpens in a new window or tab,14.0,14.0,14.0,2026-01-27,Pre-Owned,Free returns,,https://www.ebay.com/itm/406581664579,,,2026-02-09T20:04:54.430923
Stanley No. 45 Combination Plane,Stanley,Specialty Planes,Combination,Stanley Rule & Level No 45 Combination Wood Plane w/ Cutters Type 7B 1901 - 1906Opens in a new window or tab,135.0,135.0,135.0,2026-01-27,Pre-Owned,+$19.00 delivery,1 bid,https://www.ebay.com/itm/267549896024,,,2026-02-09T20:04:54.431259
Stanley No. 45 Combination Plane,Stanley,Specialty Planes,Combination,IV656 No 12 H & R hollow & round attachments NO CUTTERS Stanley 45 Combo planeOpens in a new window or tab,110.0,110.0,110.0,2026-01-27,Pre-Owned,Free returns,,https://www.ebay.com/itm/136893740380,,,2026-02-09T20:04:54.431652
Stanley No. 45 Combination Plane,Stanley,Specialty Planes,Combination,Vintage Stanley No 45 Combo Plow & Beading Plane w/ wood handlesOpens in a new window or tab,189.0,189.0,189.0,2026-01-27,Pre-Owned,Free returns,,https://www.ebay.com/itm/315561167615,,,2026-02-09T20:04:54.432042
Stanley No. 45 Combination Plane,Stanley,Specialty Planes,Combination,STANLEY SWEETHEART # 45 COMBINATION PLANE TYPE 14 1922Opens in a new window or tab,125.0,125.0,125.0,2026-01-26,Pre-Owned,+$25.72 delivery,,https://www.ebay.com/itm/127641463219,,,2026-02-09T20:04:54.432374
Stanley No. 45 Combination Plane,Stanley,Specialty Planes,Combination,IV657 No 8 H & R hollow & round attachments NO CUTTERS Stanley 45 Combo planeOpens in a new window or tab,110.0,110.0,110.0,2026-01-26,Pre-Owned,Free returns,,https://www.ebay.com/itm/136893751304,,,2026-02-09T20:04:54.432776
Stanley No. 45 Combination Plane,Stanley,Specialty Planes,Combination,vintage stanley no 45 combination planeOpens in a new window or tab,74.99,74.99,74.99,2026-01-26,Pre-Owned,+$8.81 delivery,,https://www.ebay.com/itm/236003277078,,,2026-02-09T20:04:54.433111
Stanley No. 45 Combination Plane,Stanley,Specialty Planes,Combination,STANLEY No 45  Combination Plane with CuttersOpens in a new window or tab,99.95,99.95,99.95,2026-01-26,Pre-Owned,+$20.95 delivery,,https://www.ebay.com/itm/236582109538,,,2026-02-09T20:04:54.433452
Stanley No. 45 Combination Plane,Stanley,Specialty Planes,Combination,NOS Complete STANLEY No 45 Sweetheart Combination Plane with Cutters & Steel BoxOpens in a new window or tab,425.0,425.0,425.0,2026-01-25,Brand New,+$30.00 delivery,,https://www.ebay.com/itm/306720445295,,,2026-02-09T20:04:54.433791
Stanley No. 45 Combination Plane,Stanley,Specialty Planes,Combination,tough find sweetheart era STANLEY TOOLS A 45 A45 Aluminum combination planeOpens in a new window or tab,975.0,975.0,975.0,2026-01-25,Pre-Owned,+$5.00 delivery,,https://www.ebay.com/itm/317799039445,,,2026-02-09T20:04:54.434128
Stanley No. 45 Combination Plane,Stanley,Specialty Planes,Combination,Stanley No. 45 Combination Plane Complete Set with 2 Cutter Boxes & AccessoriesOpens in a new window or tab,260.0,260.0,260.0,2026-01-24,Pre-Owned,Free delivery,20 bids,https://www.ebay.com/itm/376865977619,,,2026-02-09T20:04:54.434465
Stanley No. 45 Combination Plane,Stanley,Specialty Planes,Combination,stanley 45 combination plane cutters Set Of 12 Pieces Plane Parts BladesOpens in a new window or tab,76.0,76.0,76.0,2026-01-24,Pre-Owned,+$12.05 delivery,24 bids,https://www.ebay.com/itm/205997209531,,,2026-02-09T20:04:54.434808
Stanley No. 45 Combination Plane,Stanley,Specialty Planes,Combination,STANLEY NO. 45 COMBINATION PLANE WITH BRASS SCREWS.Opens in a new window or tab,50.0,50.0,50.0,2026-01-24,Pre-Owned,+$17.05 delivery,1 bid,https://www.ebay.com/itm/157619466880,,,2026-02-09T20:04:54.435154
Stanley No. 45 Combination Plane,Stanley,Specialty Planes,Combination,"2 Stanley 45 55 Combination Plane Match Cutters # 5,6 with Stop 3/16"" 1/4""Opens in a new window or tab",43.85,43.85,43.85,2026-01-24,Pre-Owned,+$17.92 delivery,,https://www.ebay.com/itm/127488310838,,,2026-02-09T20:04:54.435513
Stanley No. 45 Combination Plane,Stanley,Specialty Planes,Combination,Small depth stop for Stanley 45 Combination PlaneOpens in a new window or tab,16.99,16.99,16.99,2026-01-24,Pre-Owned,+$7.95 delivery,,https://www.ebay.com/itm/167728304583,,,2026-02-09T20:04:54.435853
Stanley No. 45 Combination Plane,Stanley,Specialty Planes,Combination,Small depth stop for Stanley 45 Combination PlaneOpens in a new window or tab,14.99,14.99,14.99,2026-01-24,Pre-Owned,+$7.95 delivery,,https://www.ebay.com/itm/167782918739,,,2026-02-09T20:04:54.436238
Stanley No. 45 Combination Plane,Stanley,Specialty Planes,Combination,Vintage STANLEY Hand Combination Wood Plane No 45 Woodworking Tool Made in USAOpens in a new window or tab,136.1,136.1,136.1,2026-01-24,Pre-Owned,+$53.93 shipping estimate,,https://www.ebay.com/itm/157632992557,,,2026-02-09T20:04:54.436625
Stanley No. 45 Combination Plane,Stanley,Specialty Planes,Combination,Antique Stanley No.45 Combination Plane w/CuttersOpens in a new window or tab,295.0,295.0,295.0,2026-01-24,Pre-Owned,+$9.53 delivery,,https://www.ebay.com/itm/116747327265,,,2026-02-09T20:04:54.436951
Stanley No. 45 Combination Plane,Stanley,Specialty Planes,Combination,Vintage Stanley Plane No.45 Combination Plane Wood ToolOpens in a new window or tab,49.0,49.0,49.0,2026-01-23,Pre-Owned,Free returns,2 bids,https://www.ebay.com/itm/168088695298,,,2026-02-09T20:04:54.437338
Stanley No. 45 Combination Plane,Stanley,Specialty Planes,Combination,Vintage STANLEY Hand Combination Wood Plane No 45 Woodworking Tool Made in USAOpens in a new window or tab,136.1,136.1,136.1,2026-01-23,Pre-Owned,+$53.93 shipping estimate,,https://www.ebay.com/itm/157608552452,,,2026-02-09T20:04:54.437664
Stanley No. 45 Combination Plane,Stanley,Specialty Planes,Combination,"Stanley No. 45 55 Combination Plane Cutter Iron Blade No 24, 5/16"" Bead ToolOpens in a new window or tab",15.0,15.0,15.0,2026-01-23,Pre-Owned,+$4.84 delivery,,https://www.ebay.com/itm/267167055046,,,2026-02-09T20:04:54.437988
Stanley No. 45 Combination Plane,Stanley,Specialty Planes,Combination,Stanley Trade Mark 45 Combination Wood Plane No.45 BeautifulOpens in a new window or tab,175.0,175.0,175.0,2026-01-22,Pre-Owned,Free returns,,https://www.ebay.com/itm/206007574149,,,2026-02-09T20:04:54.438312
Stanley No. 45 Combination Plane,Stanley,Specialty Planes,Combination,Vintage Stanley No.45 and No.46 combination planes and cuttersOpens in a new window or tab,97.0,97.0,97.0,2026-01-22,Pre-Owned,+$20.00 delivery,9 bids,https://www.ebay.com/itm/147095170675,,,2026-02-09T20:04:54.438629
Stanley No. 45 Combination Plane,Stanley,Specialty Planes,Combination,Vintage Micro Adjustable Fence Assby for Stanley No 45 Combination Plane INVOpens in a new window or tab,65.0,65.0,65.0,2026-01-22,Pre-Owned,+$12.70 delivery,,https://www.ebay.com/itm/198015154642,,,2026-02-09T20:04:54.438945
Stanley No. 45 Combination Plane,Stanley,Specialty Planes,Combination,Antique Vintage  STANLEY 45 Combination and Beading Plane Wood Crate Box OnlyOpens in a new window or tab,95.0,95.0,95.0,2026-01-21,Pre-Owned,+$18.00 delivery,,https://www.ebay.com/itm/366129952267,,,2026-02-09T20:04:54.439261
Stanley No. 45 Combination Plane,Stanley,Specialty Planes,Combination,Vintage Stanley No. 45 Combination Wood Hand PlaneOpens in a new window or tab,28.5,28.5,28.5,2026-01-21,Pre-Owned,+$40.10 delivery,6 bids,https://www.ebay.com/itm/187952439687,,,2026-02-09T20:04:54.439580
Stanley No. 45 Combination Plane,Stanley,Specialty Planes,Combination,STANLEY No. 45/55 COMBINATION PLANE SLITTER-ANTIQUE HAND TOOL PARTSOpens in a new window or tab,29.0,29.0,29.0,2026-01-21,Pre-Owned,Free returns,,https://www.ebay.com/itm/389462029019,,,2026-02-09T20:04:54.439964
Stanley No. 45 Combination Plane,Stanley,Specialty Planes,Combination,Spare Stanley 45 & 55 Universal Combination Plane Cutters and other partsOpens in a new window or tab,5.44,5.44,5.44,2026-01-21,Pre-Owned,+$27.26 shipping estimate,,https://www.ebay.com/itm/125911509975,,,2026-02-09T20:04:54.440296
Stanley No. 45 Combination Plane,Stanley,Specialty Planes,Combination,Antique 1895 - 1910 Stanley No. 45 Combination Plow Plane w/1 Cutter BladeOpens in a new window or tab,95.0,95.0,95.0,2026-01-20,Pre-Owned,+$18.00 delivery,,https://www.ebay.com/itm/277457675084,,,2026-02-09T20:04:54.440618
Stanley No. 45 Combination Plane,Stanley,Specialty Planes,Combination,Antique Vintage  STANLEY 45 Combination and Beading Plane Wood Crate Box OnlyOpens in a new window or tab,95.0,95.0,95.0,2026-01-20,Pre-Owned,+$18.00 delivery,,https://www.ebay.com/itm/366130004760,,,2026-02-09T20:04:54.440937
Stanley No. 45 Combination Plane,Stanley,Specialty Planes,Combination,Early Stanley No. 45 Type 4 Combination Plane With 6 Cutters circa 1890Opens in a new window or tab,122.0,122.0,122.0,2026-01-20,Pre-Owned,+$8.37 delivery,,https://www.ebay.com/itm/197896663488,,,2026-02-09T20:04:54.441254
Stanley No. 45 Combination Plane,Stanley,Specialty Planes,Combination,"Wards Master Quality No 45 Combination Plane, Complete Cutter Set - Stanley MadeOpens in a new window or tab",215.0,215.0,215.0,2026-01-20,Pre-Owned,+$14.00 delivery,,https://www.ebay.com/itm/236549042911,,,2026-02-09T20:04:54.441570
Stanley No. 45 Combination Plane,Stanley,Specialty Planes,Combination,Antique Stanley No. 45 Combination Plane Pat. 1884–1895 Vintage Woodworking ToolOpens in a new window or tab,40.0,40.0,40.0,2026-01-20,Pre-Owned,+$23.65 delivery,1 bid,https://www.ebay.com/itm/277652713926,,,2026-02-09T20:04:54.441887
Stanley No. 45 Combination Plane,Stanley,Specialty Planes,Combination,"Stanley No. 45 / 55 Combination Plane - 7/16"" Match Cutter With Depth StopOpens in a new window or tab",10.46,10.46,10.46,2026-01-20,Pre-Owned,+$6.65 delivery,,https://www.ebay.com/itm/167944239051,,,2026-02-09T20:04:54.442208
Stanley No. 45 Combination Plane,Stanley,Specialty Planes,Combination,"Orig. STANLEY No. 45 / 55 Combination Plane No. 11 -  3/16"" Plow & Dado CutterOpens in a new window or tab",16.99,16.99,16.99,2026-01-20,Pre-Owned,+$5.79 delivery,,https://www.ebay.com/itm/136937337962,,,2026-02-09T20:04:54.442523
Stanley No. 45 Combination Plane,Stanley,Specialty Planes,Combination,Antique Stanley No. 45 Combination Plane with Rosewood HandlesOpens in a new window or tab,125.0,125.0,125.0,2026-01-19,Pre-Owned,+$24.16 delivery,,https://www.ebay.com/itm/389365470375,,,2026-02-09T20:04:54.442838
Stanley No. 45 Combination Plane,Stanley,Specialty Planes,Combination,"Stanley No. 45 Combination Plane w/ Slitter, Depth,  Cutters Boxes Made in USAOpens in a new window or tab",250.0,250.0,250.0,2026-01-19,Pre-Owned,+$16.59 delivery,,https://www.ebay.com/itm/187883510335,,,2026-02-09T20:04:54.443158
Stanley No. 45 Combination Plane,Stanley,Specialty Planes,Combination,"Antique ""STANLEY"" No. 45 *Sweetheart* Combination Plane W/Rosewood & 23 CuttersOpens in a new window or tab",245.0,245.0,245.0,2026-01-18,Pre-Owned,+$19.95 delivery,,https://www.ebay.com/itm/376865256430,,,2026-02-09T20:04:54.443472
Stanley No. 45 Combination Plane,Stanley,Specialty Planes,Combination,Orig. STANLEY No. 45 / 55 Combination Plane Parts- Spur / Nicker - New Old StockOpens in a new window or tab,11.99,11.99,11.99,2026-01-18,Pre-Owned,+$5.79 delivery,,https://www.ebay.com/itm/147076872062,,,2026-02-09T20:04:54.443787
Stanley No. 45 Combination Plane,Stanley,Specialty Planes,Combination,ANTIQUE/ VINTAGE STANLEY NO. 45 COMBINATION PLANE TYPE 2 SETOpens in a new window or tab,77.0,77.0,77.0,2026-01-18,Pre-Owned,+$10.21 delivery,33 bids,https://www.ebay.com/itm/157606910588,,,2026-02-09T20:04:54.444106
Stanley No. 45 Combination Plane,Stanley,Specialty Planes,Combination,"Wards Master Quality No 45 Combination Plane, Cutter Set - Stanley MadeOpens in a new window or tab",55.0,55.0,55.0,2026-01-18,Pre-Owned,+$23.65 delivery,1 bid,https://www.ebay.com/itm/358130233020,,,2026-02-09T20:04:54.444421
Stanley No. 45 Combination Plane,Stanley,Specialty Planes,Combination,stanley 45 combination planeOpens in a new window or tab,60.0,60.0,60.0,2026-01-18,Pre-Owned,+$15.00 delivery,,https://www.ebay.com/itm/257316212785,,,2026-02-09T20:04:54.444737
Stanley No. 45 Combination Plane,Stanley,Specialty Planes,Combination,Vintage stanley no 45 combination planeOpens in a new window or tab,50.93,50.93,50.93,2026-01-18,Pre-Owned,+$45.13 shipping estimate,,https://www.ebay.com/itm/306464008320,,,2026-02-09T20:04:54.445062
Stanley No. 45 Combination Plane,Stanley,Specialty Planes,Combination,Orig. Adjustable Depth Gauge for Stanley No. 45 & 55 Combo. Planes- mjdtoolpartsOpens in a new window or tab,28.5,28.5,28.5,2026-01-18,Pre-Owned,Free delivery,,https://www.ebay.com/itm/116941383080,,,2026-02-09T20:04:54.445375
Stanley No. 45 Combination Plane,Stanley,Specialty Planes,Combination,Stanley No. 45 & 55 Combination Plane Adjustable Depth Stop & NutOpens in a new window or tab,12.5,12.5,12.5,2026-01-18,Pre-Owned,+$4.50 delivery,,https://www.ebay.com/itm/365833898171,,,2026-02-09T20:04:54.445691
Stanley No. 45 Combination Plane,Stanley,Specialty Planes,Combination,Stanley No. 45 Combination Plane Antique Hand ToolOpens in a new window or tab,100.0,100.0,100.0,2026-01-18,Pre-Owned,Free delivery,,https://www.ebay.com/itm/136923595572,,,2026-02-09T20:04:54.446004
Stanley No. 45 Combination Plane,Stanley,Specialty Planes,Combination,Stanley Rule & Level No 45 Combination Wood Plane w/ Cutters Type 7B 1901 - 1906Opens in a new window or tab,150.0,150.0,150.0,2026-01-17,Pre-Owned,+$22.37 delivery,,https://www.ebay.com/itm/127616220035,,,2026-02-09T20:04:54.446417
Stanley No. 45 Combination Plane,Stanley,Specialty Planes,Combination,stanley No 45 combination plane Side Fence Lot Of 6 PiecesOpens in a new window or tab,48.0,48.0,48.0,2026-01-17,Pre-Owned,+$15.15 delivery,21 bids,https://www.ebay.com/itm/205978285553,,,2026-02-09T20:04:54.446795
Stanley No. 45 Combination Plane,Stanley,Specialty Planes,Combination,Stanley Combination Plane Side Fence Lot Of 6 PCs For No 45 And 55Opens in a new window or tab,18.5,18.5,18.5,2026-01-17,Pre-Owned,+$15.85 delivery,12 bids,https://www.ebay.com/itm/205978279765,,,2026-02-09T20:04:54.447150
Stanley No. 45 Combination Plane,Stanley,Specialty Planes,Combination,Stanley No 45 Combination Plane Base Lot Of 6 PCs Main Stock VintageOpens in a new window or tab,10.5,10.5,10.5,2026-01-17,Pre-Owned,+$19.70 delivery,8 bids,https://www.ebay.com/itm/205978272287,,,2026-02-09T20:04:54.447529
